<?xml version="1.0" encoding="UTF-8" standalone="yes"?>
<addon id="plugin.audio.iheart"
       name="iHeartRadio"
       version="0.0.7"
       provider-name="Newf276">
  <requires>
    <import addon="xbmc.python" version="2.2.0"/>
    <import addon="script.module.beautifulsoup" version="3.2.1"/>
    <import addon="script.common.plugin.cache" version="2.5.6"/>
  </requires>
  <extension point="xbmc.python.pluginsource" library="default.py">
    <provides>audio</provides>
  </extension>
  <extension point="xbmc.addon.metadata">
    <summary>Live radio over the internet</summary>
    <description>Listen to more than 1,500 live USA radio stations</description>
    <platform>all</platform>
    <language>en</language>
    <license>GNU GENERAL PUBLIC LICENSE. Version 2, June 1991</license>
    <source>https://github.com/divingmule/plugin.audio.iheart</source>
    <forum>http://forum.xbmc.org/showthread.php?tid=170721</forum>
    <website>http://iheart.com</website>
    <disclaimer>Some countries are georestricted</disclaimer>
  </extension>
</addon>
