<?xml version="1.0" encoding="UTF-8" standalone="yes"?>
<addon id="plugin.program.cleaner" name="Kodi Cleaner" version="1.0.2" provider-name="newf276">
    <requires>
        <import addon="xbmc.python" version="2.1.0" />
        <import addon="script.module.requests" />
        <import addon="script.module.six" />
    </requires>
    
    <extension point="xbmc.python.pluginsource" library="default.py">
        <provides>executable</provides>
    </extension>
    
    <extension point="xbmc.service" library="startup.py" start="startup" />
    
    <extension point="xbmc.addon.metadata">
        <summary lang="en">Kodi Cleaner</summary>
        <description lang="en">[Kodi Cleaner offers many maintenance features, selective add-on data saving, and automated build installs.</description>
        <platform>all</platform>
        <reuselanguageinvoker>false</reuselanguageinvoker>
        <source>https://www.github.com/newf276/plugin.program.cleaner/</source>
        <news>
1.0.1
 - Initial Commit
        </news>
        <assets>
            <icon>icon.png</icon>
            <fanart>fanart.png</fanart>
        </assets>
    </extension>
</addon>
