<?xml version="1.0" encoding="UTF-8" standalone="yes"?>
<addon id="newf.repository" name="Newf Repository" version="1.0" provider-name="newf276">
    <extension point="xbmc.addon.repository" name="Newf Repository">
        <dir>
            <info compressed="false">https://raw.githubusercontent.com/newf276/newf276.github.io/master/zips/addons.xml</info>
            <checksum>https://raw.githubusercontent.com/newf276/newf276.github.io/master/zips/addons.xml.md5</checksum>
            <datadir zip="true">https://raw.githubusercontent.com/newf276/newf276.github.io/master/zips/</datadir>
        </dir>
    </extension>
    <extension point="xbmc.addon.metadata">
        <summary>Newf Repository</summary>
        <description>My personal addons</description>
        <disclaimer>use at your own risk</disclaimer>
        <platform>all</platform>
        <assets>
            <icon>icon.png</icon>
            <fanart>fanart.jpg</fanart>
        </assets>
    </extension>
</addon>